-- phpMyAdmin SQL Dump
-- version 4.5.1
-- http://www.phpmyadmin.net
--
-- Host: 127.0.0.1
-- Generation Time: Jan 04, 2021 at 07:38 PM
-- Server version: 10.1.19-MariaDB
-- PHP Version: 5.6.28

SET SQL_MODE = "NO_AUTO_VALUE_ON_ZERO";
SET time_zone = "+00:00";


/*!40101 SET @OLD_CHARACTER_SET_CLIENT=@@CHARACTER_SET_CLIENT */;
/*!40101 SET @OLD_CHARACTER_SET_RESULTS=@@CHARACTER_SET_RESULTS */;
/*!40101 SET @OLD_COLLATION_CONNECTION=@@COLLATION_CONNECTION */;
/*!40101 SET NAMES utf8mb4 */;

--
-- Database: `lab2`
--

-- --------------------------------------------------------

--
-- Table structure for table `dept`
--

CREATE TABLE `dept` (
  `deptno` int(11) NOT NULL,
  `dname` varchar(14) DEFAULT NULL,
  `loc` varchar(13) DEFAULT NULL
) ENGINE=InnoDB DEFAULT CHARSET=latin1;

--
-- Dumping data for table `dept`
--

INSERT INTO `dept` (`deptno`, `dname`, `loc`) VALUES
(10, 'ACCOUNTING', 'NEW YORK'),
(20, 'RESEARCH', 'DALLAS'),
(30, 'SALES', 'CHICAGO'),
(40, 'OPERATIONS', 'BOSTON');

-- --------------------------------------------------------

--
-- Table structure for table `emp`
--

CREATE TABLE `emp` (
  `empno` int(11) NOT NULL,
  `ename` varchar(10) DEFAULT NULL,
  `job` varchar(9) DEFAULT NULL,
  `mgr` int(11) DEFAULT NULL,
  `hiredate` date DEFAULT NULL,
  `sal` int(11) DEFAULT NULL,
  `comm` int(11) DEFAULT NULL,
  `deptno` int(11) DEFAULT NULL
) ENGINE=InnoDB DEFAULT CHARSET=latin1;

--
-- Dumping data for table `emp`
--

INSERT INTO `emp` (`empno`, `ename`, `job`, `mgr`, `hiredate`, `sal`, `comm`, `deptno`) VALUES
(7369, 'SMITH', 'CLERK', 7902, '1980-12-17', 800, NULL, 20),
(7499, 'ALLEN', 'SALESMAN', 7698, '1981-02-20', 1600, 300, 30),
(7521, 'WARD', 'SALESMAN', 7698, '1981-02-22', 1250, 500, 30),
(7566, 'JONES', 'MANAGER', 7839, '1981-04-02', 2975, NULL, 20),
(7654, 'MARTIN', 'SALESMAN', 7698, '1981-09-28', 1250, 1400, 30),
(7698, 'BLAKE', 'MANAGER', 7839, '1981-05-01', 2850, NULL, 30),
(7782, 'CLARK', 'MANAGER', 7839, '1981-06-09', 2450, NULL, 10),
(7788, 'SCOTT', 'ANALYST', 7566, '1982-12-09', 3000, NULL, 20),
(7839, 'KING', 'PRESIDENT', NULL, '1981-11-17', 5000, NULL, 10),
(7844, 'TURNER', 'SALESMAN', 7698, '1981-09-08', 1500, 0, 30),
(7876, 'ADAMS', 'CLERK', 7788, '1983-01-12', 1100, NULL, 20),
(7900, 'JAMES', 'CLERK', 7698, '1981-12-03', 950, NULL, 30),
(7902, 'FORD', 'ANALYST', 7566, '1981-12-03', 3000, NULL, 20),
(7934, 'MILLER', 'CLERK', 7782, '1982-01-23', 1300, NULL, 10);

-- --------------------------------------------------------

--
-- Table structure for table `salgrade`
--

CREATE TABLE `salgrade` (
  `grade` int(11) DEFAULT NULL,
  `losal` int(11) DEFAULT NULL,
  `hisal` int(11) DEFAULT NULL
) ENGINE=InnoDB DEFAULT CHARSET=latin1;

--
-- Dumping data for table `salgrade`
--

INSERT INTO `salgrade` (`grade`, `losal`, `hisal`) VALUES
(1, 700, 1200),
(2, 1201, 1400),
(3, 1401, 2000),
(4, 2001, 3000),
(5, 3001, 9999);

--
-- Indexes for dumped tables
--

--
-- Indexes for table `dept`
--
ALTER TABLE `dept`
  ADD PRIMARY KEY (`deptno`);

--
-- Indexes for table `emp`
--
ALTER TABLE `emp`
  ADD PRIMARY KEY (`empno`),
  ADD KEY `fk_deptno` (`deptno`);

--
-- Constraints for dumped tables
--

--
-- Constraints for table `emp`
--
ALTER TABLE `emp`
  ADD CONSTRAINT `fk_deptno` FOREIGN KEY (`deptno`) REFERENCES `dept` (`deptno`);

/*!40101 SET CHARACTER_SET_CLIENT=@OLD_CHARACTER_SET_CLIENT */;
/*!40101 SET CHARACTER_SET_RESULTS=@OLD_CHARACTER_SET_RESULTS */;
/*!40101 SET COLLATION_CONNECTION=@OLD_COLLATION_CONNECTION */;
